dataset,vectorizer,algorithm,documents,clusters_found,noise_documents,vectorization_seconds,vectorization_memory_kb,clustering_seconds,clustering_memory_kb,cpu_percent,cpu_per_core_percent,recommended_k_silhouette,silhouette,davies_bouldin,calinski_harabasz,f1_macro,f1_micro,v_measure,ari,nmi
demo_texts,tfidf,kmeans,50,5,0,0.0028717500008497154,178.8681640625,0.002682416999959969,303.451171875,92.42886536682889,"[18.2, 18.2, 8.3, 16.7, 0.0, 9.1, 45.5, 0.0, 8.3, 16.7, 16.7, 15.4]",10,0.004640844242955331,3.8754547500798253,1.1286969478533044,0.27184149184149187,0.34,0.15171635296778388,0.022478224220286596,0.15171635296778388
demo_texts,tfidf,parallel_kmeans,50,5,0,0.0028717500008497154,178.8681640625,0.02152145800027938,1130.9375,98.50624617761379,"[94.1, 94.1, 93.7, 88.2, 94.1, 82.4, 100.0, 100.0, 100.0, 100.0, 100.0, 100.0]",10,0.0101367175645283,2.9911273371007616,1.202976044708822,0.25760152890587673,0.3,0.14276415462823128,0.0019246190858059342,0.1427641546282313
demo_texts,tfidf,hierarchical,50,5,0,0.0028717500008497154,178.8681640625,0.0008508749997417908,22.892578125,46.776065452372,"[100.0, 100.0, 100.0, 100.0, 100.0, 100.0, 100.0, 100.0, 100.0, 100.0, 100.0, 100.0]",10,0.01225905338915173,3.629385313145402,1.2540156197860441,0.40405372405372403,0.42,0.21743124620416315,0.03211319104964032,0.21743124620416313
demo_texts,tfidf,dbscan,50,0,50,0.0028717500008497154,178.8681640625,0.00091841699941142,14.66796875,91.73908251856967,"[35.0, 30.0, 25.0, 28.6, 21.1, 25.0, 71.4, 30.0, 26.3, 25.0, 28.6, 25.0]",10,-1.0,-1.0,-1.0,0.0,0.0,0.0,0.0,0.0
demo_texts,tfidf,minibatch,50,5,0,0.0028717500008497154,178.8681640625,0.006281084000875126,272.712890625,91.75256488509878,"[94.1, 94.1, 100.0, 87.5, 88.9, 81.2, 100.0, 100.0, 100.0, 100.0, 100.0, 100.0]",10,0.0011925364052156081,2.510447489758939,1.1060261918706729,0.23199999999999998,0.28,0.16912447347165616,0.004216207100092757,0.16912447347165613
demo_texts,tfidf,birch,50,5,0,0.0028717500008497154,178.8681640625,0.0021812909999425756,396.6640625,92.37007299500783,"[100.0, 100.0, 88.2, 94.1, 82.4, 88.9, 100.0, 100.0, 100.0, 100.0, 100.0, 100.0]",10,0.01225905338915173,3.629385313145402,1.2540156197860441,0.40405372405372403,0.42,0.21743124620416315,0.03211319104964032,0.21743124620416313
demo_texts,tfidf,spectral,50,5,0,0.0028717500008497154,178.8681640625,0.01250791699931142,92.966796875,92.26824246557916,"[94.1, 94.1, 94.1, 94.4, 93.7, 81.2, 100.0, 100.0, 100.0, 100.0, 100.0, 100.0]",10,0.01206064963938896,3.6780410237159855,1.2575023825619205,0.32727185611086534,0.36,0.1711538855733839,0.020201190720591254,0.17115388557338393
demo_texts,tfidf,affinity,50,13,0,0.0028717500008497154,178.8681640625,0.008411749999140739,142.033203125,37.67771022869159,"[94.1, 100.0, 93.8, 87.5, 88.9, 83.3, 100.0, 100.0, 100.0, 100.0, 100.0, 100.0]",10,0.01809579943079964,2.370644626856818,1.1597891260884414,0.2698412698412698,0.24,0.3017289264026806,0.009956076134699853,0.3017289264026807
demo_texts,tfidf,hdbscan,50,2,12,0.0028717500008497154,178.8681640625,0.002103208000335144,27.3203125,1.4269929325562076,"[31.2, 29.4, 33.3, 25.0, 18.8, 25.0, 37.5, 58.8, 25.0, 25.0, 25.0, 25.0]",10,-0.0005730934947007679,5.4949919287809665,1.0028236664203762,0.15186615186615188,0.2894736842105263,0.06928711645380194,-0.010461584055716086,0.06928711645380194
demo_texts,word2vec,kmeans,50,5,0,0.024206000000049244,307.1083984375,0.0028422920004231855,78.2685546875,91.70290387354822,"[18.2, 16.7, 9.1, 16.7, 16.7, 8.3, 18.2, 9.1, 9.1, 16.7, 27.3, 9.1]",2,0.0013977040071040392,3.4378606088381334,1.5628188901313669,0.30906698564593305,0.34,0.11223378195384194,0.005039980615459171,0.11223378195384194
demo_texts,word2vec,parallel_kmeans,50,5,0,0.024206000000049244,307.1083984375,0.023303750000195578,303.4580078125,98.30793325123531,"[94.1, 93.7, 93.7, 94.1, 87.5, 87.5, 100.0, 100.0, 100.0, 100.0, 100.0, 100.0]",2,0.012335609644651413,3.534307402993612,1.5871178223267997,0.3220255348516218,0.34,0.1488484861673946,0.022735346358792183,0.14884848616739463
demo_texts,word2vec,hierarchical,50,5,0,0.024206000000049244,307.1083984375,0.0007889580010669306,51.884765625,53.27022727582928,"[100.0, 100.0, 100.0, 100.0, 100.0, 100.0, 100.0, 100.0, 100.0, 100.0, 100.0, 100.0]",2,0.025533761829137802,3.2646241096946413,1.9663583101040913,0.4173870573870574,0.42,0.16268615338931924,0.02891236923723913,0.16268615338931924
demo_texts,word2vec,dbscan,50,1,0,0.024206000000049244,307.1083984375,0.001505875001384993,54.7890625,91.11581351072141,"[38.1, 40.0, 30.0, 33.3, 28.6, 33.3, 30.0, 30.0, 76.2, 30.0, 30.0, 28.6]",2,-1.0,-1.0,-1.0,0.06666666666666667,0.2,0.0,0.0,0.0
demo_texts,word2vec,minibatch,50,5,0,0.024206000000049244,307.1083984375,0.004623791999620153,78.9794921875,92.76768372440857,"[93.7, 93.7, 93.7, 87.5, 88.2, 87.5, 100.0, 100.0, 100.0, 100.0, 100.0, 100.0]",2,0.0016734430100768805,3.1805680431487673,1.5635849112589046,0.28586080586080587,0.32,0.1496200741433962,0.012638607368546561,0.14962007414339623
demo_texts,word2vec,birch,50,1,0,0.024206000000049244,307.1083984375,0.0014120000014372636,53.8701171875,92.36115654594518,"[100.0, 94.1, 94.1, 93.7, 87.5, 87.5, 100.0, 100.0, 100.0, 100.0, 100.0, 100.0]",2,-1.0,-1.0,-1.0,0.06666666666666667,0.2,0.0,0.0,0.0
demo_texts,word2vec,spectral,50,5,0,0.024206000000049244,307.1083984375,0.013049999999566353,132.302734375,93.19376395785574,"[94.4, 93.8, 88.9, 94.1, 88.2, 82.4, 100.0, 100.0, 100.0, 100.0, 100.0, 100.0]",2,0.02145630121231079,3.2634537263683727,2.0124661172105114,0.3335737235050736,0.34,0.07636616960366914,-0.02322665067335478,0.07636616960366914
demo_texts,word2vec,affinity,50,4,0,0.024206000000049244,307.1083984375,0.0042407079999975394,143.271484375,41.05168989540816,"[93.8, 94.4, 93.7, 93.8, 93.7, 88.2, 100.0, 100.0, 100.0, 100.0, 100.0, 100.0]",2,0.009778710082173347,3.646739129863768,1.6215881770695868,0.31,0.36,0.14757296861914332,0.033490011750881316,0.14757296861914335
demo_texts,word2vec,hdbscan,50,0,50,0.024206000000049244,307.1083984375,0.0017755829994712258,60.267578125,1.7069794453500298,"[33.3, 31.2, 31.2, 25.0, 18.8, 12.5, 35.3, 35.3, 29.4, 25.0, 29.4, 66.7]",2,-1.0,-1.0,-1.0,0.0,0.0,0.0,0.0,0.0
demo_texts,fasttext,kmeans,50,5,0,0.5165529170008085,781815.953125,0.002637958999912371,78.07421875,91.44628173583382,"[9.1, 10.0, 9.1, 9.1, 9.1, 9.1, 9.1, 8.3, 9.1, 63.6, 33.3, 9.1]",2,-0.021557824686169624,3.459434744060624,1.6210785666086343,0.3429473051492687,0.36,0.21136070081069563,0.044140680620817316,0.21136070081069563
demo_texts,fasttext,parallel_kmeans,50,5,0,0.5165529170008085,781815.953125,0.022953707999477047,296.794921875,98.57217946631398,"[94.1, 94.1, 88.9, 94.4, 88.9, 77.8, 100.0, 100.0, 100.0, 100.0, 100.0, 100.0]",2,0.022316770628094673,2.690973183506472,1.920947718706619,0.28638262322472846,0.32,0.11248004382630518,-0.011046672190002762,0.11248004382630518
demo_texts,fasttext,hierarchical,50,5,0,0.5165529170008085,781815.953125,0.0008211249987652991,53.1337890625,46.39364115552967,"[100.0, 100.0, 100.0, 100.0, 100.0, 100.0, 100.0, 100.0, 100.0, 100.0, 100.0, 100.0]",2,0.007734076585620642,2.847979406384711,2.0884795680796877,0.365090909090909,0.42,0.20867073735309805,0.0683238189418798,0.20867073735309802
demo_texts,fasttext,dbscan,50,1,0,0.5165529170008085,781815.953125,0.001070041998900706,54.833984375,91.2557934737317,"[33.3, 30.0, 30.0, 28.6, 28.6, 30.0, 25.0, 75.0, 21.1, 25.0, 25.0, 25.0]",2,-1.0,-1.0,-1.0,0.06666666666666667,0.2,0.0,0.0,0.0
demo_texts,fasttext,minibatch,50,5,0,0.5165529170008085,781815.953125,0.004422457999680773,79.2041015625,91.45603405161704,"[94.1, 94.4, 88.9, 94.4, 87.5, 82.4, 100.0, 100.0, 100.0, 100.0, 100.0, 100.0]",2,0.038474760949611664,2.5443899797887823,1.5926649819144607,0.25778388278388276,0.3,0.14335524276203,-0.004455013395141628,0.14335524276202996
demo_texts,fasttext,birch,50,1,0,0.5165529170008085,781815.953125,0.0013888329995097592,53.8251953125,92.2396523661122,"[94.1, 94.1, 94.1, 88.9, 94.4, 84.2, 100.0, 100.0, 100.0, 100.0, 100.0, 100.0]",2,-1.0,-1.0,-1.0,0.06666666666666667,0.2,0.0,0.0,0.0
demo_texts,fasttext,spectral,50,5,0,0.5165529170008085,781815.953125,0.012497165998865967,132.078125,93.06164367943191,"[94.1, 88.9, 94.1, 93.7, 88.2, 93.7, 100.0, 100.0, 100.0, 100.0, 100.0, 100.0]",2,0.008361712098121643,3.2072267905872494,2.0918209523289995,0.3526968937495253,0.36,0.20969025285311219,0.05805563205728449,0.20969025285311216
demo_texts,fasttext,affinity,50,9,0,0.5165529170008085,781815.953125,0.004284291999283596,143.359375,36.2068461955664,"[94.4, 100.0, 94.4, 94.1, 94.1, 88.2, 100.0, 100.0, 100.0, 100.0, 100.0, 100.0]",2,0.008510276675224304,1.9757431819664792,1.8351472444511692,0.32889817717403924,0.4,0.25004793726303837,0.0556098062393997,0.25004793726303837
demo_texts,fasttext,hdbscan,50,0,50,0.5165529170008085,781815.953125,0.001841999999669497,60.22265625,1.426541698607422,"[31.2, 23.5, 23.5, 22.2, 17.6, 17.6, 35.3, 18.7, 22.2, 62.5, 27.8, 27.8]",2,-1.0,-1.0,-1.0,0.0,0.0,0.0,0.0,0.0
demo_texts,doc2vec,kmeans,50,5,0,0.05631862500013085,318.5341796875,0.0027248329988651676,78.2685546875,91.40540704047785,"[18.2, 8.3, 16.7, 8.3, 15.4, 8.3, 18.2, 8.3, 9.1, 33.3, 33.3, 0.0]",2,0.010099627077579498,3.5046656034153734,1.55724980889645,0.30590730219213186,0.32,0.10325679878360133,-0.0016394282493980225,0.10325679878360132
demo_texts,doc2vec,parallel_kmeans,50,5,0,0.05631862500013085,318.5341796875,0.022880166998220375,281.2392578125,98.5695232598834,"[88.9, 94.1, 94.1, 93.7, 87.5, 88.2, 100.0, 100.0, 100.0, 100.0, 100.0, 100.0]",2,0.009630345739424229,3.682845434966687,1.5706002666252368,0.32772846348697743,0.34,0.0871397782938326,-0.017452557430478893,0.08713977829383258
demo_texts,doc2vec,hierarchical,50,5,0,0.05631862500013085,318.5341796875,0.0007779579991620267,51.884765625,47.18327169702724,"[100.0, 100.0, 100.0, 100.0, 100.0, 100.0, 100.0, 100.0, 100.0, 100.0, 100.0, 100.0]",2,0.02150297909975052,3.398731338416611,1.8116660238885556,0.305148242872028,0.32,0.08123660190961658,-0.0240914238649233,0.0812366019096166
demo_texts,doc2vec,dbscan,50,1,0,0.05631862500013085,318.5341796875,0.001411833000020124,54.833984375,91.48333150521412,"[31.6, 33.3, 28.6, 28.6, 21.1, 25.0, 71.4, 25.0, 25.0, 25.0, 25.0, 25.0]",2,-1.0,-1.0,-1.0,0.06666666666666667,0.2,0.0,0.0,0.0
demo_texts,doc2vec,minibatch,50,5,0,0.05631862500013085,318.5341796875,0.008130833999530296,78.794921875,92.01912856667934,"[94.1, 100.0, 88.2, 88.2, 88.9, 88.2, 100.0, 100.0, 100.0, 100.0, 100.0, 100.0]",2,0.003108611796051264,3.362038016678403,1.5095377708825846,0.27606060606060606,0.3,0.09688460247431424,-0.030317848410757946,0.09688460247431423
demo_texts,doc2vec,birch,50,1,0,0.05631862500013085,318.5341796875,0.001428208999641356,53.8701171875,92.17757173876808,"[94.4, 93.8, 94.4, 93.7, 88.2, 88.9, 100.0, 100.0, 100.0, 100.0, 100.0, 100.0]",2,-1.0,-1.0,-1.0,0.06666666666666667,0.2,0.0,0.0,0.0
demo_texts,doc2vec,spectral,50,5,0,0.05631862500013085,318.5341796875,0.01352720899922133,132.123046875,92.6912831032683,"[93.7, 94.1, 93.7, 88.2, 93.7, 93.7, 100.0, 100.0, 100.0, 100.0, 100.0, 100.0]",2,0.01177893951535225,3.3789199530907394,1.809399414665104,0.33839143312827524,0.34,0.13784569175544623,0.005076142131979695,0.13784569175544623
demo_texts,doc2vec,affinity,50,9,0,0.05631862500013085,318.5341796875,0.005103458001030958,143.44921875,39.339747220649166,"[100.0, 88.2, 100.0, 94.1, 94.1, 94.1, 100.0, 100.0, 100.0, 100.0, 100.0, 100.0]",2,0.010656057856976986,2.71244059732057,1.5165272613190286,0.2573412698412698,0.26,0.22196395427446775,-0.00629879929138508,0.22196395427446775
demo_texts,doc2vec,hdbscan,50,0,50,0.05631862500013085,318.5341796875,0.0018467919999238802,60.22265625,1.5679456299289052,"[35.3, 33.3, 23.5, 23.5, 23.5, 17.6, 25.0, 64.7, 35.3, 29.4, 29.4, 23.5]",2,-1.0,-1.0,-1.0,0.0,0.0,0.0,0.0,0.0
demo_texts,sentence_bert,kmeans,50,5,0,0.03586841700052901,121.640625,0.003372999999555759,261.525390625,91.72383754138076,"[16.7, 30.8, 16.7, 9.1, 16.7, 16.7, 15.4, 15.4, 16.7, 0.0, 16.7, 18.2]",2,0.041649430990219116,2.9481154755382213,2.8613165750786873,0.6423226295349058,0.64,0.529102530722433,0.36637931034482757,0.5291025307224329
demo_texts,sentence_bert,parallel_kmeans,50,5,0,0.03586841700052901,121.640625,0.02511087499988207,1071.2734375,98.37542394730124,"[94.1, 88.2, 94.1, 88.9, 88.2, 88.2, 100.0, 100.0, 100.0, 100.0, 100.0, 100.0]",2,0.0489962100982666,2.544187093789776,3.334849515608345,0.7023809523809523,0.74,0.7133939700460455,0.6072092159048681,0.7133939700460455
demo_texts,sentence_bert,hierarchical,50,5,0,0.03586841700052901,121.640625,0.0009322919995611301,163.7607421875,49.589473480637714,"[100.0, 100.0, 100.0, 100.0, 100.0, 100.0, 100.0, 100.0, 100.0, 100.0, 100.0, 100.0]",2,0.08989500254392624,2.271607732121236,3.906002329225368,0.8384736842105263,0.84,0.77695233767434,0.6715993780494344,0.7769523376743399
demo_texts,sentence_bert,dbscan,50,0,50,0.03586841700052901,121.640625,0.0014939590000722092,14.71484375,90.87638840499424,"[30.0, 30.0, 30.0, 26.3, 26.3, 25.0, 30.0, 73.7, 26.3, 26.3, 30.0, 28.6]",2,-1.0,-1.0,-1.0,0.0,0.0,0.0,0.0,0.0
demo_texts,sentence_bert,minibatch,50,5,0,0.03586841700052901,121.640625,0.0052871249990857905,261.1630859375,91.55239665251582,"[94.1, 94.1, 93.7, 88.2, 88.2, 88.2, 100.0, 100.0, 100.0, 100.0, 100.0, 100.0]",2,0.0792744904756546,2.3202084836184715,3.67414845703813,0.7563478317348287,0.76,0.6315513030207971,0.5028649529516901,0.6315513030207972
demo_texts,sentence_bert,birch,50,5,0,0.03586841700052901,121.640625,0.002382540998951299,406.6953125,92.26744553164166,"[94.1, 94.1, 88.9, 88.9, 88.9, 94.4, 100.0, 100.0, 100.0, 100.0, 100.0, 100.0]",2,0.08989500254392624,2.271607732121236,3.906002329225368,0.8384736842105263,0.84,0.77695233767434,0.6715993780494344,0.7769523376743399
demo_texts,sentence_bert,spectral,50,5,0,0.03586841700052901,121.640625,0.013429332999294274,243.046875,92.51147304858758,"[94.4, 94.1, 94.1, 88.2, 94.1, 88.2, 100.0, 100.0, 100.0, 100.0, 100.0, 100.0]",2,0.05910485237836838,2.57199650532822,3.2258354045625186,0.6376218323586744,0.68,0.7441753522593485,0.5693504394383271,0.7441753522593484
demo_texts,sentence_bert,affinity,50,8,0,0.03586841700052901,121.640625,0.004847124999287189,353.951171875,38.444927691375995,"[93.7, 100.0, 88.2, 94.1, 94.1, 88.2, 100.0, 100.0, 100.0, 100.0, 100.0, 100.0]",2,0.060038499534130096,2.1127829448954394,2.945338815395026,0.5569067370537959,0.58,0.6473105272193006,0.4779874213836478,0.6473105272193007
demo_texts,sentence_bert,hdbscan,50,0,50,0.03586841700052901,121.640625,0.0024697089993424015,180.23046875,1.548688888641948,"[38.9, 31.3, 25.0, 23.5, 23.5, 18.7, 23.5, 27.8, 29.4, 23.5, 29.4, 62.5]",2,-1.0,-1.0,-1.0,0.0,0.0,0.0,0.0,0.0
