dataset,vectorizer,algorithm,documents,clusters_found,noise_documents,vectorization_seconds,vectorization_memory_kb,clustering_seconds,clustering_memory_kb,cpu_percent,recommended_k_silhouette,silhouette,davies_bouldin,calinski_harabasz,f1_macro,f1_micro,v_measure,ari,nmi
demo_texts,tfidf,kmeans,50,5,0,0.0031198329998005647,212.9443359375,0.002327041000171448,303.759765625,0.0,10,0.004640844242955331,3.8754547500798253,1.1286969478533044,0.27184149184149187,0.34,0.15171635296778388,0.022478224220286596,0.15171635296778388
demo_texts,tfidf,hierarchical,50,5,0,0.0031198329998005647,212.9443359375,0.037447041999257635,650.0224609375,0.0,10,0.01225905338915173,3.629385313145402,1.2540156197860441,0.40405372405372403,0.42,0.21743124620416315,0.03211319104964032,0.21743124620416313
demo_texts,tfidf,dbscan,50,0,50,0.0031198329998005647,212.9443359375,0.0010924580001301365,19.5439453125,0.0,10,-1.0,-1.0,-1.0,0.0,0.0,0.0,0.0,0.0
demo_texts,tfidf,minibatch,50,5,0,0.0031198329998005647,212.9443359375,0.006941083000128856,285.0615234375,54.4,10,0.0011925364052156081,2.510447489758939,1.1060261918706729,0.23199999999999998,0.28,0.16912447347165616,0.004216207100092757,0.16912447347165613
demo_texts,tfidf,birch,50,5,0,0.0031198329998005647,212.9443359375,0.002240707999590086,400.232421875,95.5,10,0.01225905338915173,3.629385313145402,1.2540156197860441,0.40405372405372403,0.42,0.21743124620416315,0.03211319104964032,0.21743124620416313
demo_texts,word2vec,kmeans,50,5,0,0.05664954200074135,334.8486328125,0.0028067499988537747,78.2978515625,14.3,2,0.0013977040071040392,3.4378606088381334,1.5628188901313669,0.30906698564593305,0.34,0.11223378195384194,0.005039980615459171,0.11223378195384194
demo_texts,word2vec,hierarchical,50,5,0,0.05664954200074135,334.8486328125,0.0009732500002428424,56.0087890625,95.7,2,0.025533761829137802,3.2646241096946413,1.9663583101040913,0.4173870573870574,0.42,0.16268615338931924,0.02891236923723913,0.16268615338931924
demo_texts,word2vec,dbscan,50,1,0,0.05664954200074135,334.8486328125,0.0013834170003974577,57.5771484375,22.8,2,-1.0,-1.0,-1.0,0.06666666666666667,0.2,0.0,0.0,0.0
demo_texts,word2vec,minibatch,50,5,0,0.05664954200074135,334.8486328125,0.004698374999861699,79.0302734375,94.8,2,0.0016734430100768805,3.1805680431487673,1.5635849112589046,0.28586080586080587,0.32,0.1496200741433962,0.012638607368546561,0.14962007414339623
demo_texts,word2vec,birch,50,1,0,0.05664954200074135,334.8486328125,0.002395333000094979,116.0224609375,0.0,2,-1.0,-1.0,-1.0,0.06666666666666667,0.2,0.0,0.0,0.0
demo_texts,fasttext,kmeans,50,5,0,0.576520790998984,781813.046875,0.0030568749989470234,78.505859375,14.2,2,-0.021557824686169624,3.459434744060624,1.6210785666086343,0.3429473051492687,0.36,0.21136070081069563,0.044140680620817316,0.21136070081069563
demo_texts,fasttext,hierarchical,50,5,0,0.576520790998984,781813.046875,0.0008219999999710126,52.30078125,99.5,2,0.007734076585620642,2.847979406384711,2.0884795680796877,0.365090909090909,0.42,0.20867073735309805,0.0683238189418798,0.20867073735309802
demo_texts,fasttext,dbscan,50,1,0,0.576520790998984,781813.046875,0.0012000419992546085,54.9921875,31.8,2,-1.0,-1.0,-1.0,0.06666666666666667,0.2,0.0,0.0,0.0
demo_texts,fasttext,minibatch,50,5,0,0.576520790998984,781813.046875,0.005500041001141653,79.4248046875,99.0,2,0.038474760949611664,2.5443899797887823,1.5926649819144607,0.25778388278388276,0.3,0.14335524276203,-0.004455013395141628,0.14335524276202996
demo_texts,fasttext,birch,50,1,0,0.576520790998984,781813.046875,0.0014371670004038606,54.2841796875,100.0,2,-1.0,-1.0,-1.0,0.06666666666666667,0.2,0.0,0.0,0.0
demo_texts,doc2vec,kmeans,50,5,0,0.05977625000014086,319.3232421875,0.0026332500001444714,78.3310546875,38.1,2,0.010099627077579498,3.5046656034153734,1.55724980889645,0.30590730219213186,0.32,0.10325679878360133,-0.0016394282493980225,0.10325679878360132
demo_texts,doc2vec,hierarchical,50,5,0,0.05977625000014086,319.3232421875,0.0007852500002627494,52.283203125,95.6,2,0.02150297909975052,3.398731338416611,1.8116660238885556,0.305148242872028,0.32,0.08123660190961658,-0.0240914238649233,0.0812366019096166
demo_texts,doc2vec,dbscan,50,1,0,0.05977625000014086,319.3232421875,0.001292832999752136,54.982421875,0.0,2,-1.0,-1.0,-1.0,0.06666666666666667,0.2,0.0,0.0,0.0
demo_texts,doc2vec,minibatch,50,5,0,0.05977625000014086,319.3232421875,0.005239749998509069,79.0009765625,60.3,2,0.003108611796051264,3.362038016678403,1.5095377708825846,0.27606060606060606,0.3,0.09688460247431424,-0.030317848410757946,0.09688460247431423
demo_texts,doc2vec,birch,50,1,0,0.05977625000014086,319.3232421875,0.0013923750011599623,54.1591796875,96.1,2,-1.0,-1.0,-1.0,0.06666666666666667,0.2,0.0,0.0,0.0
demo_texts,sentence_bert,kmeans,50,5,0,0.8369212910001806,129.9365234375,0.0035883749987988267,261.7080078125,0.0,2,0.041649430990219116,2.9481154755382213,2.8613165750786873,0.6423226295349058,0.64,0.529102530722433,0.36637931034482757,0.5291025307224329
demo_texts,sentence_bert,hierarchical,50,5,0,0.8369212910001806,129.9365234375,0.0010909579996223329,167.439453125,39.4,2,0.08989500254392624,2.271607732121236,3.906002329225368,0.8384736842105263,0.84,0.77695233767434,0.6715993780494344,0.7769523376743399
demo_texts,sentence_bert,dbscan,50,0,50,0.8369212910001806,129.9365234375,0.0021694999995816033,17.2861328125,23.7,2,-1.0,-1.0,-1.0,0.0,0.0,0.0,0.0,0.0
demo_texts,sentence_bert,minibatch,50,5,0,0.8369212910001806,129.9365234375,0.007470999998986372,261.4775390625,97.5,2,0.0792744904756546,2.3202084836184715,3.67414845703813,0.7563478317348287,0.76,0.6315513030207971,0.5028649529516901,0.6315513030207972
demo_texts,sentence_bert,birch,50,5,0,0.8369212910001806,129.9365234375,0.002468249998855754,407.2109375,97.6,2,0.08989500254392624,2.271607732121236,3.906002329225368,0.8384736842105263,0.84,0.77695233767434,0.6715993780494344,0.7769523376743399
