text,label
"Розробники представили нову версію мобільного застосунку з покращеним захистом даних.",technology
"Хмарний сервіс допомагає командам зберігати документи та працювати спільно.",technology
"Штучний інтелект аналізує великі масиви інформації за кілька секунд.",technology
"Компанія випустила оновлення операційної системи для ноутбуків.",technology
"Інженери тестують роботів для автоматизації складських операцій.",technology
"Новий процесор зменшує споживання енергії у серверних центрах.",technology
"Кібербезпека потребує надійних паролів і двофакторної автентифікації.",technology
"Програмісти створили вебплатформу для дистанційного навчання.",technology
"Дослідники навчили модель розпізнавати українське мовлення.",technology
"Смартфон отримав камеру з оптичною стабілізацією зображення.",technology
"Футбольна команда перемогла у напруженому матчі національного чемпіонату.",sport
"Баскетболісти провели успішну гру та набрали рекордну кількість очок.",sport
"Тренер оголосив склад збірної перед міжнародним турніром.",sport
"Бігунка виборола золоту медаль на змаганнях з легкої атлетики.",sport
"Тенісист упевнено пройшов до фіналу престижного турніру.",sport
"Спортивний клуб відкрив нову тренувальну арену для молоді.",sport
"Вболівальники підтримали команду під час вирішальної гри.",sport
"Плавець встановив особистий рекорд на дистанції двісті метрів.",sport
"Хокейний матч завершився перемогою господарів у додатковий час.",sport
"Гімнастка продемонструвала складну програму та отримала високі оцінки.",sport
"Національний банк зберіг облікову ставку без змін.",economy
"Підприємство збільшило обсяги експорту української продукції.",economy
"Ціни на пальне змінилися після коливання світового ринку нафти.",economy
"Малий бізнес отримав нові можливості для кредитування.",economy
"Інвестори обговорюють перспективи фондового ринку цього року.",economy
"Бюджет громади спрямували на ремонт доріг та шкіл.",economy
"Курс національної валюти незначно змінився протягом тижня.",economy
"Фермери розпочали збір урожаю та готують продукцію на продаж.",economy
"Компанія відкрила виробництво і створила нові робочі місця.",economy
"Економісти прогнозують поступове зростання внутрішнього попиту.",economy
"Астрономи спостерігали далеку галактику за допомогою телескопа.",science
"Біологи досліджують вплив клімату на популяцію лісових птахів.",science
"Лабораторія розробляє матеріали для ефективних сонячних батарей.",science
"Вчені пояснили механізм утворення нових хімічних сполук.",science
"Експедиція зібрала зразки ґрунту для екологічного аналізу.",science
"Фізики перевірили результати експерименту на сучасному прискорювачі.",science
"Медичне дослідження вивчає профілактику сезонних захворювань.",science
"Науковці опублікували статтю про властивості квантових матеріалів.",science
"Археологи знайшли залишки давнього поселення біля річки.",science
"Дослідницька група виміряла рівень забруднення повітря у місті.",science
"Театр показав прем’єру сучасної вистави за українською драмою.",culture
"Музей відкрив експозицію картин художників двадцятого століття.",culture
"Бібліотека організувала зустріч читачів з молодою письменницею.",culture
"На фестивалі прозвучали народні пісні з різних регіонів України.",culture
"Режисер розповів про роботу над новим документальним фільмом.",culture
"Місто прикрасили інсталяціями до щорічного мистецького свята.",culture
"Видавництво представило переклад відомого історичного роману.",culture
"Хор виконав класичний твір у великій концертній залі.",culture
"У галереї відбулася лекція про розвиток сучасної фотографії.",culture
"Актори репетирують комедію для весняного театрального сезону.",culture
